file,seconds,loop,peak,rms
Assets/Audio/SFX/Player/footstep_stone_1.wav,0.14,no,0.55,0.107
Assets/Audio/SFX/Player/footstep_stone_2.wav,0.14,no,0.55,0.098
Assets/Audio/SFX/Player/footstep_stone_3.wav,0.14,no,0.55,0.089
Assets/Audio/SFX/Player/footstep_stone_4.wav,0.14,no,0.55,0.113
Assets/Audio/SFX/Player/jump.wav,0.20,no,0.70,0.167
Assets/Audio/SFX/Player/double_jump.wav,0.23,no,0.70,0.161
Assets/Audio/SFX/Player/land_soft.wav,0.15,no,0.60,0.141
Assets/Audio/SFX/Player/land_hard.wav,0.89,no,0.75,0.117
Assets/Audio/SFX/Player/land_heavy.wav,1.55,no,0.85,0.109
Assets/Audio/SFX/Player/wall_slide_loop.wav,1.00,yes,0.45,0.099
Assets/Audio/SFX/Player/wall_grab.wav,0.14,no,0.60,0.130
Assets/Audio/SFX/Player/dash.wav,0.30,no,0.70,0.140
Assets/Audio/SFX/Player/dash_ready.wav,0.16,no,0.50,0.189
Assets/Audio/SFX/Player/ledge_grab.wav,0.15,no,0.60,0.139
Assets/Audio/SFX/Player/ledge_climb.wav,0.54,no,0.65,0.124
Assets/Audio/SFX/Player/climb_loop.wav,0.60,yes,0.50,0.039
Assets/Audio/SFX/Player/slide.wav,0.50,no,0.60,0.113
Assets/Audio/SFX/Player/skid.wav,0.20,no,0.55,0.090
Assets/Audio/SFX/Player/hurt.wav,0.25,no,0.80,0.191
Assets/Audio/SFX/Player/death.wav,2.65,no,0.90,0.138
Assets/Audio/SFX/Player/respawn.wav,1.50,no,0.70,0.111
Assets/Audio/SFX/Player/low_health_heartbeat_loop.wav,1.00,yes,0.70,0.102
Assets/Audio/SFX/Player/fall_pit.wav,1.30,no,0.65,0.242
Assets/Audio/SFX/Hazards/spike_extend.wav,0.12,no,0.75,0.123
Assets/Audio/SFX/Hazards/spike_retract.wav,0.22,no,0.60,0.164
Assets/Audio/SFX/Hazards/spike_hit.wav,0.20,no,0.80,0.158
Assets/Audio/SFX/Hazards/saw_loop.wav,1.00,yes,0.50,0.156
Assets/Audio/SFX/Hazards/saw_hit.wav,0.80,no,0.80,0.098
Assets/Audio/SFX/Hazards/pendulum_whoosh.wav,0.90,no,0.70,0.102
Assets/Audio/SFX/Hazards/fire_jet.wav,0.90,no,0.70,0.174
Assets/Audio/SFX/Hazards/arrow_launch.wav,0.25,no,0.65,0.093
Assets/Audio/SFX/Hazards/arrow_impact.wav,0.35,no,0.70,0.087
Assets/Audio/SFX/Hazards/platform_crack.wav,0.40,no,0.70,0.054
Assets/Audio/SFX/Hazards/platform_crumble.wav,1.10,no,0.75,0.082
Assets/Audio/SFX/Hazards/platform_crash.wav,1.80,no,0.85,0.124
Assets/Audio/SFX/Hazards/boulder_roll_loop.wav,1.50,yes,0.60,0.208
Assets/Audio/SFX/Hazards/gas_bubble_loop.wav,2.00,yes,0.45,0.051
Assets/Audio/SFX/Hazards/electric_hum_loop.wav,1.00,yes,0.45,0.224
Assets/Audio/SFX/Hazards/zap.wav,0.30,no,0.70,0.136
Assets/Audio/SFX/Hazards/pressure_plate.wav,0.15,no,0.65,0.144
Assets/Audio/SFX/Puzzle/lever_pull.wav,0.50,no,0.70,0.119
Assets/Audio/SFX/Puzzle/switch_toggle.wav,0.14,no,0.60,0.107
Assets/Audio/SFX/Puzzle/button_press.wav,0.10,no,0.60,0.140
Assets/Audio/SFX/Puzzle/door_stone_open.wav,2.60,no,0.75,0.170
Assets/Audio/SFX/Puzzle/door_stone_close.wav,2.75,no,0.80,0.159
Assets/Audio/SFX/Puzzle/door_wood_open.wav,1.50,no,0.60,0.102
Assets/Audio/SFX/Puzzle/door_wood_close.wav,1.25,no,0.70,0.093
Assets/Audio/SFX/Puzzle/gate_raise.wav,2.30,no,0.70,0.128
Assets/Audio/SFX/Puzzle/gate_lower.wav,2.45,no,0.75,0.089
Assets/Audio/SFX/Puzzle/key_pickup.wav,1.77,no,0.65,0.085
Assets/Audio/SFX/Puzzle/key_use.wav,0.34,no,0.60,0.102
Assets/Audio/SFX/Puzzle/lock_unlock.wav,0.60,no,0.70,0.096
Assets/Audio/SFX/Puzzle/block_scrape_loop.wav,1.00,yes,0.55,0.136
Assets/Audio/SFX/Puzzle/block_thud.wav,0.73,no,0.75,0.102
Assets/Audio/SFX/Puzzle/moving_platform_loop.wav,2.00,yes,0.50,0.159
Assets/Audio/SFX/Puzzle/teleport.wav,2.10,no,0.70,0.099
Assets/Audio/SFX/Puzzle/puzzle_solved.wav,3.22,no,0.70,0.085
Assets/Audio/SFX/Puzzle/puzzle_wrong.wav,0.35,no,0.60,0.185
Assets/Audio/SFX/Puzzle/timer_tick.wav,0.05,no,0.40,0.066
Assets/Audio/SFX/Puzzle/timer_tock.wav,0.05,no,0.40,0.065
Assets/Audio/SFX/Puzzle/timer_expired.wav,1.80,no,0.70,0.108
Assets/Audio/SFX/Puzzle/secret_reveal.wav,3.90,no,0.70,0.095
Assets/Audio/SFX/Collectibles/coin_chain_1.wav,0.23,no,0.55,0.135
Assets/Audio/SFX/Collectibles/coin_chain_2.wav,0.23,no,0.55,0.135
Assets/Audio/SFX/Collectibles/coin_chain_3.wav,0.23,no,0.55,0.135
Assets/Audio/SFX/Collectibles/coin_chain_4.wav,0.23,no,0.55,0.135
Assets/Audio/SFX/Collectibles/coin_chain_5.wav,0.23,no,0.55,0.135
Assets/Audio/SFX/Collectibles/gem_pickup.wav,2.08,no,0.65,0.092
Assets/Audio/SFX/Collectibles/powerup_pickup.wav,1.25,no,0.70,0.101
Assets/Audio/SFX/Collectibles/powerup_activate.wav,1.90,no,0.75,0.096
Assets/Audio/SFX/Collectibles/checkpoint.wav,2.54,no,0.70,0.104
Assets/Audio/SFX/Collectibles/star_ding_1.wav,2.10,no,0.65,0.127
Assets/Audio/SFX/Collectibles/star_ding_2.wav,2.10,no,0.65,0.101
Assets/Audio/SFX/Collectibles/star_ding_3.wav,2.10,no,0.65,0.139
Assets/Audio/SFX/Collectibles/achievement.wav,3.50,no,0.70,0.095
Assets/Audio/SFX/Enemies/enemy_idle_growl.wav,1.60,no,0.60,0.109
Assets/Audio/SFX/Enemies/enemy_alert.wav,0.35,no,0.70,0.175
Assets/Audio/SFX/Enemies/enemy_attack.wav,0.25,no,0.70,0.141
Assets/Audio/SFX/Enemies/enemy_hit.wav,0.20,no,0.75,0.135
Assets/Audio/SFX/Enemies/enemy_death.wav,1.90,no,0.80,0.120
Assets/Audio/SFX/Enemies/boss_intro.wav,6.20,no,0.85,0.114
Assets/Audio/SFX/Enemies/boss_phase_change.wav,3.50,no,0.85,0.142
Assets/Audio/SFX/Enemies/boss_defeat.wav,5.20,no,0.90,0.157
Assets/Audio/SFX/UI/ui_hover.wav,0.05,no,0.35,0.095
Assets/Audio/SFX/UI/ui_select.wav,0.13,no,0.45,0.168
Assets/Audio/SFX/UI/ui_confirm.wav,0.21,no,0.50,0.142
Assets/Audio/SFX/UI/ui_back.wav,0.21,no,0.45,0.150
Assets/Audio/SFX/UI/ui_pause.wav,0.27,no,0.50,0.144
Assets/Audio/SFX/UI/ui_unpause.wav,0.27,no,0.50,0.135
Assets/Audio/SFX/UI/ui_error.wav,0.21,no,0.50,0.209
Assets/Audio/SFX/UI/ui_tab.wav,0.04,no,0.40,0.087
Assets/Audio/SFX/UI/ui_slider_tick.wav,0.03,no,0.30,0.076
Assets/Audio/Music/Stingers/stinger_game_start.wav,4.15,no,0.85,0.150
Assets/Audio/Music/Stingers/stinger_game_over.wav,4.60,no,0.80,0.144
Assets/Audio/Music/Stingers/stinger_level_complete.wav,4.44,no,0.80,0.097
Assets/Audio/Music/Stingers/stinger_level_fail.wav,4.30,no,0.80,0.159
Assets/Audio/Ambience/amb_room_tone_loop.wav,8.00,yes,0.40,0.111
Assets/Audio/Ambience/amb_drips_loop.wav,10.00,yes,0.45,0.048
Assets/Audio/Ambience/amb_wind_loop.wav,10.00,yes,0.40,0.074
Assets/Audio/Ambience/amb_torch_loop.wav,6.00,yes,0.45,0.073
Assets/Audio/Ambience/amb_cave_drone_loop.wav,12.00,yes,0.40,0.128
Assets/Audio/Ambience/amb_chain_rattle_1.wav,3.30,no,0.50,0.049
Assets/Audio/Ambience/amb_rumble_1.wav,5.30,no,0.55,0.095
Assets/Audio/Ambience/amb_creak_1.wav,2.80,no,0.45,0.077
Assets/Audio/Ambience/amb_chain_rattle_2.wav,3.30,no,0.50,0.045
Assets/Audio/Ambience/amb_rumble_2.wav,6.30,no,0.55,0.100
Assets/Audio/Ambience/amb_creak_2.wav,2.80,no,0.45,0.080
Assets/Audio/Ambience/amb_stone_crumble.wav,2.80,no,0.50,0.049
Assets/Audio/Ambience/amb_distant_thud.wav,2.90,no,0.50,0.067
Assets/Audio/Music/music_menu_theme.ogg,54.86,yes,0.85,0.161
Assets/Audio/Music/music_explore_calm.ogg,45.71,yes,0.85,0.148
Assets/Audio/Music/music_tense_timed.ogg,30.48,yes,0.85,0.111
Assets/Audio/Music/music_boss.ogg,25.60,yes,0.85,0.162
Assets/Audio/Music/music_credits.ogg,50.53,yes,0.85,0.168
